edad,ingreso_anual,gasto_mensual,frecuencia_compras,valor_promedio_compra,puntuacion_satisfaccion,dias_ultima_compra,ratio_gasto_ingreso,gasto_total_anual,valor_cliente
39,77987.11,17176.71,8,213.55,8.3,1,2.643,206120.52,137413.68
33,68492.67,19127.76,6,133.65,7.3,43,3.351,229533.12,114766.56
41,100612.04,27442.31,3,135.1,7.7,41,3.273,329307.72,82326.93
50,75784.65,18527.83,6,172.66,6.3,21,2.934,222333.96,111166.98
32,63964.47,7355.21,6,223.72,8.0,69,1.38,88262.52,44131.26
32,57869.71,17927.5,12,170.43,10.0,71,3.717,215130.0,215130.0
50,62427.75,13390.67,8,115.12,8.4,22,2.574,160688.04,107125.36
42,78095.18,22070.01,5,69.06,8.6,28,3.391,264840.12,110350.05
30,70991.05,26518.72,10,94.24,7.6,90,4.483,318224.64,265187.2
40,67520.43,19713.35,11,153.66,4.0,10,3.504,236560.2,216846.85
30,76347.88,10584.17,6,117.23,4.9,11,1.664,127010.04,63505.02
30,53951.99,12733.44,6,159.75,7.9,6,2.832,152801.28,76400.64
37,91505.22,19769.93,3,122.35,7.0,67,2.593,237239.16,59309.79
18,52803.52,23990.92,12,104.23,7.9,40,5.452,287891.04,287891.04
18,55414.57,17409.88,9,91.15,10.0,3,3.77,208918.56,156688.92
29,53958.22,15660.8,11,228.12,8.5,90,3.483,187929.6,172268.8
24,31439.15,11755.37,9,194.45,9.5,39,4.487,141064.44,105798.33
38,40322.28,2600.58,5,236.53,7.2,57,0.774,31206.96,13002.9
25,41112.69,14572.04,9,177.0,5.4,1,4.253,174864.48,131148.36
20,46742.48,21559.13,12,128.5,6.9,21,5.535,258709.56,258709.56
49,88917.64,12411.67,7,216.17,5.4,35,1.675,148940.04,86881.69
32,38526.0,12394.84,9,148.35,10.0,23,3.861,148738.08,111553.56
35,49512.91,21385.18,7,161.04,8.6,32,5.183,256622.16,149696.26
20,55163.47,21007.69,8,147.86,8.0,51,4.57,252092.28,168061.52
29,84550.86,1099.85,6,2.65,9.5,14,0.156,13198.2,6599.1
36,58726.47,18503.37,2,230.24,3.0,56,3.781,222040.44,37006.74
23,47184.9,20868.48,6,174.55,8.2,5,5.307,250421.76,125210.88
38,52400.63,22436.95,6,166.49,4.4,9,5.138,269243.4,134621.7
28,62270.36,19731.76,12,146.91,7.0,1,3.802,236781.12,236781.12
32,29544.15,7427.97,5,158.17,6.4,13,3.017,89135.64,37139.85
28,44852.47,15831.72,5,120.14,8.3,14,4.236,189980.64,79158.6
53,77780.17,16907.08,6,180.83,7.5,49,2.608,202884.96,101442.48
34,57984.46,20384.23,6,84.65,9.7,31,4.219,244610.76,122305.38
24,42909.13,18313.31,9,159.3,5.8,17,5.122,219759.72,164819.79
43,105646.45,38653.48,12,178.08,8.4,31,4.391,463841.76,463841.76
22,46665.43,16654.17,10,140.07,7.3,1,4.283,199850.04,166541.7
37,25484.69,8474.19,5,168.54,3.7,5,3.99,101690.28,42370.95
18,46737.69,17323.42,10,100.43,5.2,29,4.448,207881.04,173234.2
21,30722.86,14276.63,12,101.71,6.7,30,5.576,171319.56,171319.56
36,70941.97,8629.11,4,161.84,9.2,44,1.46,103549.32,34516.44
42,97444.84,27203.7,8,183.93,7.9,15,3.35,326444.4,217629.6
36,40822.31,10654.4,8,56.26,4.7,38,3.132,127852.8,85235.2
33,71573.62,17427.73,7,176.1,6.7,34,2.922,209132.76,121994.11
31,49229.83,15631.1,6,122.84,10.0,90,3.81,187573.2,93786.6
20,41927.99,15145.47,6,140.36,7.2,7,4.335,181745.64,90872.82
27,67673.2,26863.36,8,83.02,6.3,24,4.763,322360.32,214906.88
30,63046.46,19494.78,9,107.42,8.0,27,3.711,233937.36,175453.02
45,77703.79,22052.74,11,198.31,8.5,90,3.406,264632.88,242580.14
38,79530.81,21464.21,11,151.64,6.1,6,3.239,257570.52,236106.31
18,54591.61,22177.48,6,130.86,8.0,22,4.875,266129.76,133064.88
38,37488.75,13653.98,8,144.18,6.3,12,4.371,163847.76,109231.84
31,57916.07,11998.02,10,174.46,8.4,22,2.486,143976.24,119980.2
28,59880.6,13879.07,6,172.02,7.3,7,2.781,166548.84,83274.42
41,90734.14,28004.61,7,146.25,8.0,1,3.704,336055.32,196032.27
45,74101.45,18588.6,6,204.65,5.5,25,3.01,223063.2,111531.6
44,80509.35,23334.36,8,198.52,5.4,12,3.478,280012.32,186674.88
26,49488.92,12212.14,8,170.67,8.9,6,2.961,146545.68,97697.12
31,73454.58,28561.36,13,152.73,6.8,11,4.666,342736.32,371297.68
38,60872.0,19258.79,5,182.87,7.6,1,3.797,231105.48,96293.95
44,74578.49,21322.22,9,165.71,6.4,90,3.431,255866.64,191899.98
30,65433.97,25356.68,8,203.04,8.8,26,4.65,304280.16,202853.44
33,6970.85,1829.07,11,194.98,5.8,50,3.149,21948.84,20119.77
23,37926.43,13686.62,7,99.09,6.7,16,4.33,164239.44,95806.34
23,41294.47,15869.56,8,95.7,8.6,70,4.612,190434.72,126956.48
43,91496.84,25340.24,4,114.94,9.3,19,3.323,304082.88,101360.96
48,101494.82,23739.58,7,198.81,6.0,25,2.807,284874.96,166177.06
34,24106.37,2230.27,8,71.18,10.0,20,1.11,26763.24,17842.16
45,91979.72,23786.23,12,169.74,7.6,39,3.103,285434.76,285434.76
38,40645.98,18089.32,8,168.13,4.9,25,5.341,217071.84,144714.56
28,56930.08,22698.34,7,208.13,7.7,9,4.784,272380.08,158888.38
38,49061.59,18820.2,9,159.02,6.2,4,4.603,225842.4,169381.8
50,93829.05,20696.99,9,82.84,7.9,27,2.647,248363.88,186272.91
34,51536.44,16019.01,10,102.03,6.9,20,3.73,192228.12,160190.1
50,93845.5,23521.5,4,90.9,7.1,3,3.008,282258.0,94086.0
18,37574.84,14943.21,5,123.1,5.2,15,4.772,179318.52,74716.05
43,88268.84,16910.14,10,140.85,9.0,21,2.299,202921.68,169101.4
35,18868.36,7209.95,13,59.35,4.7,52,4.585,86519.4,93729.35
32,41437.7,17696.45,13,223.53,4.8,2,5.125,212357.4,230053.85
35,80015.2,23005.79,7,83.74,7.7,12,3.45,276069.48,161040.53
18,16861.41,6084.55,8,217.31,10.0,51,4.33,73014.6,48676.4
32,43026.96,13510.62,6,209.26,6.3,31,3.768,162127.44,81063.72
38,43014.85,15560.72,10,194.92,8.4,10,4.341,186728.64,155607.2
49,62910.71,13240.74,8,115.31,9.1,55,2.526,158888.88,105925.92
29,91534.96,5883.81,5,167.12,8.6,20,0.771,70605.72,29419.05
26,57638.71,14025.47,10,86.13,6.4,20,2.92,168305.64,140254.7
29,58600.83,10581.77,13,195.55,4.8,90,2.167,126981.24,137563.01
44,105514.57,24889.24,3,146.3,2.6,88,2.831,298670.88,74667.72
38,54775.78,16232.74,10,129.53,6.5,13,3.556,194792.88,162327.4
29,44819.16,10438.78,1,88.81,9.4,4,2.795,125265.36,10438.78
40,107066.16,21714.59,5,26.12,4.8,11,2.434,260575.08,108572.95
35,48567.97,15248.34,10,98.07,8.4,1,3.768,182980.08,152483.4
44,76491.81,17191.47,13,205.64,5.1,1,2.697,206297.64,223489.11
27,64552.59,23335.06,11,129.86,7.2,15,4.338,280020.72,256685.66
31,51038.92,9709.0,6,141.53,8.4,84,2.283,116508.0,58254.0
31,64652.8,25682.05,9,182.78,5.7,61,4.767,308184.6,231138.45
20,40205.9,14151.58,11,240.28,7.3,21,4.224,169818.96,155667.38
37,51572.7,19450.52,8,216.25,6.2,24,4.526,233406.24,155604.16
37,10035.99,2226.85,6,101.38,8.4,1,2.663,26722.2,13361.1
35,68326.55,9816.91,4,52.87,7.5,7,1.724,117802.92,39267.64
32,56929.77,22025.09,10,267.98,7.1,1,4.643,264301.08,220250.9
20,43017.92,17822.91,13,263.45,10.0,42,4.972,213874.92,231697.83
30,7925.11,2090.42,6,159.42,8.3,4,3.165,25085.04,12542.52
31,91767.49,20374.31,6,86.48,5.6,60,2.664,244491.72,122245.86
26,47208.21,20010.74,8,198.16,6.8,30,5.087,240128.88,160085.92
33,72163.66,12701.06,8,144.6,6.8,7,2.112,152412.72,101608.48
39,29201.88,13738.19,10,144.35,7.2,5,5.645,164858.28,137381.9
53,74439.53,17999.75,7,194.72,10.0,29,2.902,215997.0,125998.25
36,28931.69,10812.68,8,166.72,7.7,69,4.485,129752.16,86501.44
37,37524.62,10249.56,8,90.71,2.9,38,3.278,122994.72,81996.48
34,88280.63,30874.26,13,133.76,5.9,12,4.197,370491.12,401365.38
18,34875.07,12477.01,8,183.06,3.1,26,4.293,149724.12,99816.08
34,54348.66,15278.27,6,175.51,6.3,11,3.373,183339.24,91669.62
35,67401.35,20345.78,9,163.1,3.0,90,3.622,244149.36,183112.02
59,59913.64,11364.88,6,196.67,5.3,41,2.276,136378.56,68189.28
33,53008.38,20023.99,7,131.91,4.0,28,4.533,240287.88,140167.93
38,57299.22,14374.83,6,158.93,7.8,16,3.01,172497.96,86248.98
34,98068.31,27081.52,12,77.53,7.0,28,3.314,324978.24,324978.24
23,28453.63,10228.14,4,127.52,7.6,12,4.314,122737.68,40912.56
46,89186.17,24090.36,7,188.2,6.8,1,3.241,289084.32,168632.52
42,88262.19,26254.72,6,130.48,4.2,15,3.57,315056.64,157528.32
42,76970.81,17457.81,10,126.69,8.0,79,2.722,209493.72,174578.1
25,31193.94,11012.94,3,97.93,10.0,29,4.237,132155.28,33038.82
49,61249.62,19401.14,7,200.17,7.8,2,3.801,232813.68,135807.98
20,47641.88,18871.17,6,177.42,6.1,64,4.753,226454.04,113227.02
40,84585.52,25116.02,7,191.27,4.1,9,3.563,301392.24,175812.14
56,27073.09,9972.97,5,63.69,5.2,8,4.42,119675.64,49864.85
25,59725.25,26708.24,10,141.98,7.9,10,5.366,320498.88,267082.4
29,34914.48,15024.09,8,135.99,9.1,25,5.164,180289.08,120192.72
35,48717.23,18136.65,6,135.97,7.5,23,4.467,217639.8,108819.9
29,56575.25,20829.98,7,119.2,8.6,20,4.418,249959.76,145809.86
19,53824.33,25584.13,6,132.69,8.4,37,5.704,307009.56,153504.78
35,58438.42,17627.38,14,192.48,8.0,11,3.62,211528.56,246783.32
24,26556.54,9658.72,9,54.36,5.7,45,4.364,115904.64,86928.48
39,59070.69,21964.56,7,238.86,7.3,5,4.462,263574.72,153751.92
25,48546.27,24637.99,8,174.19,5.3,45,6.09,295655.88,197103.92
50,88271.55,24292.74,8,147.88,7.0,32,3.302,291512.88,194341.92
27,73789.41,23364.19,12,195.34,7.7,34,3.8,280370.28,280370.28
31,25447.84,11065.69,10,77.41,10.0,19,5.218,132788.28,110656.9
43,90887.32,23420.07,11,116.76,4.4,32,3.092,281040.84,257620.77
22,33368.38,11671.08,9,143.95,8.0,2,4.197,140052.96,105039.72
37,44048.73,14363.75,5,218.28,10.0,57,3.913,172365.0,71818.75
48,85239.39,22669.93,6,147.68,8.5,1,3.191,272039.16,136019.58
18,34177.33,15522.57,8,172.5,8.7,4,5.45,186270.84,124180.56
36,52511.53,16733.08,6,120.52,8.2,25,3.824,200796.96,100398.48
37,46538.56,13138.95,10,174.34,9.6,40,3.388,157667.4,131389.5
42,75933.27,23490.15,10,233.86,4.8,2,3.712,281881.8,234901.5
22,35380.24,12875.41,7,199.78,4.2,76,4.367,154504.92,90127.87
21,47060.67,16774.96,8,145.93,7.0,90,4.277,201299.52,134199.68
40,94910.03,29534.01,12,183.77,2.7,27,3.734,354408.12,354408.12
37,33060.77,4037.4,8,178.88,9.5,19,1.465,48448.8,32299.2
37,30172.15,8942.05,8,175.33,9.4,40,3.556,107304.6,71536.4
38,6932.2,3046.82,12,205.6,6.1,11,5.274,36561.84,36561.84
28,37220.77,9790.48,5,205.22,6.3,20,3.156,117485.76,48952.4
37,23538.2,7417.08,6,143.64,6.9,74,3.781,89004.96,44502.48
37,82840.3,13893.58,9,182.09,7.1,90,2.013,166722.96,125042.22
27,70196.34,15916.63,8,130.85,7.3,78,2.721,190999.56,127333.04
53,80987.73,25652.65,13,103.85,8.1,9,3.801,307831.8,333484.45
39,95048.72,25549.48,5,136.53,6.7,7,3.226,306593.76,127747.4
23,49592.53,17990.3,8,146.19,8.9,10,4.353,215883.6,143922.4
41,73026.15,18407.44,4,66.92,7.9,17,3.025,220889.28,73629.76
25,39019.69,15505.55,3,193.02,5.8,11,4.769,186066.6,46516.65
42,77290.2,21467.23,13,70.2,9.7,14,3.333,257606.76,279073.99
46,53810.46,17067.46,6,285.74,4.3,29,3.806,204809.52,102404.76
26,17092.03,6729.05,7,225.09,6.8,43,4.724,80748.6,47103.35
44,77266.37,16906.98,10,136.95,8.9,39,2.626,202883.76,169069.8
39,98795.05,18733.97,7,150.47,5.6,50,2.275,224807.64,131137.79
43,90326.55,21143.56,8,165.15,7.6,1,2.809,253722.72,169148.48
53,85096.75,21342.42,8,120.54,8.1,1,3.01,256109.04,170739.36
32,61895.09,17071.75,7,159.63,5.3,46,3.31,204861.0,119502.25
27,67068.31,23040.3,8,142.8,6.9,22,4.122,276483.6,184322.4
26,65178.57,25516.0,8,145.29,6.7,25,4.698,306192.0,204128.0
26,55623.83,16568.8,9,159.07,5.9,1,3.574,198825.6,149119.2
34,52084.02,13300.75,6,84.32,10.0,8,3.064,159609.0,79804.5
38,48748.14,15752.25,8,151.98,5.5,30,3.878,189027.0,126018.0
37,34920.71,7058.73,11,158.17,9.0,58,2.426,84704.76,77646.03
43,102809.96,30326.88,12,156.44,6.2,74,3.54,363922.56,363922.56
35,16140.86,1513.96,7,139.21,4.8,20,1.126,18167.52,10597.72
49,76055.38,22494.03,9,206.89,7.2,23,3.549,269928.36,202446.27
32,30228.18,15673.1,6,132.32,8.3,53,6.222,188077.2,94038.6
62,27928.21,8655.27,9,161.37,8.8,23,3.719,103863.24,77897.43
41,87309.7,20819.59,5,214.86,10.0,21,2.861,249835.08,104097.95
26,77840.05,20830.73,13,146.03,10.0,70,3.211,249968.76,270799.49
24,39189.29,16812.15,12,160.72,7.5,46,5.148,201745.8,201745.8
39,18589.99,7963.73,8,145.18,5.7,71,5.141,95564.76,63709.84
32,30207.44,1990.66,8,211.87,7.9,7,0.791,23887.92,15925.28
42,91891.1,16041.39,5,137.11,6.5,22,2.095,192496.68,80206.95
39,30350.25,4184.94,9,214.17,8.9,55,1.655,50219.28,37664.46
34,45507.34,12885.59,3,144.82,4.4,3,3.398,154627.08,38656.77
26,61001.04,16128.35,8,107.03,10.0,47,3.173,193540.2,129026.8
19,44642.64,19352.29,10,183.97,8.7,6,5.202,232227.48,193522.9
30,52107.51,7099.98,8,134.77,3.6,49,1.635,85199.76,56799.84
43,115142.86,30203.03,13,181.03,5.6,28,3.148,362436.36,392639.39
37,37972.65,20219.46,3,13.53,8.6,6,6.39,242633.52,60658.38
22,45679.95,16115.92,9,150.26,9.4,19,4.234,193391.04,145043.28
36,18140.13,5018.65,4,127.02,4.5,34,3.32,60223.8,20074.6
38,58809.49,12809.76,12,101.12,8.4,30,2.614,153717.12,153717.12
26,49607.24,17351.24,8,122.34,3.1,16,4.197,208214.88,138809.92
36,61049.8,17490.26,6,121.31,6.8,68,3.438,209883.12,104941.56
35,54478.28,12662.61,8,147.6,9.2,21,2.789,151951.32,101300.88
23,51762.26,18143.55,8,81.63,5.9,21,4.206,217722.6,145148.4
38,52504.49,25317.57,7,165.81,4.0,1,5.786,303810.84,177222.99
40,82171.48,16769.9,9,218.31,7.3,76,2.449,201238.8,150929.1
45,64337.19,11291.38,9,164.05,5.8,5,2.106,135496.56,101622.42
45,92718.93,17320.49,6,190.45,8.3,22,2.242,207845.88,103922.94
21,27156.28,9617.89,5,204.73,5.2,48,4.25,115414.68,48089.45
25,40200.27,15856.29,7,211.82,5.5,7,4.733,190275.48,110994.03
40,107985.91,28758.71,8,243.51,3.0,22,3.196,345104.52,230069.68
40,75161.77,23905.34,8,125.04,7.3,8,3.817,286864.08,191242.72
40,92616.22,23334.17,7,114.08,6.7,42,3.023,280010.04,163339.19
70,84991.53,25717.05,8,189.17,4.6,24,3.631,308604.6,205736.4
40,98430.92,25648.05,5,185.41,7.4,58,3.127,307776.6,128240.25
46,95255.98,29447.89,12,188.78,9.1,67,3.71,353374.68,353374.68
44,81883.38,14147.59,7,244.46,6.6,31,2.073,169771.08,99033.13
41,69522.89,19188.93,10,150.57,7.5,38,3.312,230267.16,191889.3
31,44101.01,11525.18,5,171.31,7.5,23,3.136,138302.16,57625.9
42,78780.81,19649.55,8,100.98,4.6,14,2.993,235794.6,157196.4
27,36530.19,8535.4,6,256.77,10.0,31,2.804,102424.8,51212.4
32,55579.88,16044.18,6,133.17,6.1,71,3.464,192530.16,96265.08
30,33293.06,16610.88,11,134.59,8.3,16,5.987,199330.56,182719.68
35,92902.98,25936.69,10,132.66,8.5,11,3.35,311240.28,259366.9
58,26248.03,6408.77,9,117.76,6.7,14,2.93,76905.24,57678.93
18,29319.76,11419.82,9,113.53,8.2,17,4.674,137037.84,102778.38
41,86879.01,24178.68,9,123.81,7.5,2,3.34,290144.16,217608.12
18,39490.58,13920.08,5,81.71,4.2,20,4.23,167040.96,69600.4
30,46294.25,11023.93,11,110.73,6.3,20,2.858,132287.16,121263.23
45,93623.34,21142.57,7,247.45,5.8,26,2.71,253710.84,147997.99
35,50876.23,22061.85,6,186.78,6.1,13,5.204,264742.2,132371.1
24,37738.25,15604.02,5,196.3,4.4,28,4.962,187248.24,78020.1
27,69277.58,8242.01,10,208.86,9.3,63,1.428,98904.12,82420.1
41,85009.18,17775.69,8,241.71,10.0,90,2.509,213308.28,142205.52
27,38850.16,8786.3,10,61.43,9.0,26,2.714,105435.6,87863.0
37,22603.94,7555.4,9,88.51,9.5,1,4.011,90664.8,67998.6
35,48234.36,4432.21,10,109.81,6.3,90,1.103,53186.52,44322.1
28,101594.19,40502.24,9,126.51,5.7,36,4.784,486026.88,364520.16
56,33926.51,5428.64,9,134.97,5.4,12,1.92,65143.68,48857.76
41,74301.38,19097.35,11,127.65,8.3,4,3.084,229168.2,210070.85
18,39532.51,20285.25,10,160.97,7.5,4,6.158,243423.0,202852.5
36,38928.24,7337.49,7,151.76,6.8,5,2.262,88049.88,51362.43
28,61379.66,16007.88,9,113.86,9.6,1,3.13,192094.56,144070.92
43,88330.69,29366.38,9,41.22,7.8,69,3.99,352396.56,264297.42
27,42417.45,13180.66,2,100.36,5.3,23,3.729,158167.92,26361.32
33,45928.39,17896.83,11,122.54,5.6,36,4.676,214761.96,196865.13
40,92901.28,27224.3,9,137.65,8.4,52,3.517,326691.6,245018.7
43,85694.15,19248.22,5,93.52,9.1,47,2.695,230978.64,96241.1
22,32002.57,11993.42,2,125.46,8.1,64,4.497,143921.04,23986.84
31,25521.19,8308.65,6,93.45,10.0,90,3.907,99703.8,49851.9
30,50681.67,10869.97,6,143.71,10.0,17,2.574,130439.64,65219.82
28,34600.54,5410.63,6,96.35,7.9,90,1.876,64927.56,32463.78
52,67457.19,12341.39,8,107.55,5.3,38,2.195,148096.68,98731.12
39,18882.09,6475.94,7,84.57,4.4,2,4.116,77711.28,45331.58
22,25127.1,9506.2,7,142.32,6.2,34,4.54,114074.4,66543.4
44,77278.91,12820.31,6,106.68,8.5,34,1.991,153843.72,76921.86
56,10125.29,1887.56,8,195.34,10.0,70,2.237,22650.72,15100.48
45,94217.31,29754.3,9,170.29,7.8,14,3.79,357051.6,267788.7
19,19055.62,8155.48,8,146.51,9.3,26,5.136,97865.76,65243.84
30,25807.18,8754.63,7,110.13,6.5,1,4.071,105055.56,61282.41
47,59254.73,11984.03,12,169.03,8.2,12,2.427,143808.36,143808.36
27,58380.38,14701.58,8,184.54,8.6,1,3.022,176418.96,117612.64
39,35899.76,2014.23,6,157.13,3.0,22,0.673,24170.76,12085.38
42,48602.33,11359.55,9,230.19,6.2,51,2.805,136314.6,102235.95
25,38688.2,14394.3,7,172.98,8.9,6,4.465,172731.6,100760.1
34,51520.11,17561.96,8,195.68,7.5,22,4.091,210743.52,140495.68
18,35689.99,15469.76,9,156.68,4.6,6,5.201,185637.12,139227.84
24,33240.62,12102.01,7,183.78,2.1,3,4.369,145224.12,84714.07
32,53387.22,19980.36,7,110.16,6.3,21,4.491,239764.32,139862.52
22,53225.48,26165.97,6,127.08,6.9,2,5.899,313991.64,156995.82
51,102621.24,32434.53,7,167.47,5.2,26,3.793,389214.36,227041.71
20,31405.62,13103.64,10,167.1,7.3,1,5.007,157243.68,131036.4
30,35289.4,8923.32,10,175.38,8.0,3,3.034,107079.84,89233.2
36,74721.86,22130.65,7,205.02,8.3,23,3.554,265567.8,154914.55
49,87671.23,14843.17,10,78.75,2.3,26,2.032,178118.04,148431.7
20,54168.34,19988.06,6,101.28,4.4,1,4.428,239856.72,119928.36
46,89100.95,28923.35,8,161.48,6.4,25,3.895,347080.2,231386.8
35,43671.83,13611.27,7,113.78,8.1,54,3.74,163335.24,95278.89
25,56238.44,20840.02,7,318.89,8.0,38,4.447,250080.24,145880.14
39,52834.34,10791.14,8,175.79,7.9,4,2.451,129493.68,86329.12
36,96386.59,36049.32,9,146.08,6.2,26,4.488,432591.84,324443.88
28,57866.36,10779.4,9,124.23,6.3,33,2.235,129352.8,97014.6
35,53840.98,19779.59,10,125.99,5.5,1,4.408,237355.08,197795.9
31,43817.67,15449.3,7,151.51,8.5,58,4.231,185391.6,108145.1
36,52670.82,6280.43,4,155.6,5.2,71,1.431,75365.16,25121.72
41,63847.75,15152.22,6,127.17,8.7,57,2.848,181826.64,90913.32
50,91062.92,17536.06,7,136.34,7.4,52,2.311,210432.72,122752.42
22,20491.0,7669.98,6,217.21,6.9,40,4.492,92039.76,46019.88
56,34280.21,7911.33,10,219.23,5.7,30,2.769,94935.96,79113.3
18,40923.81,19178.43,7,162.6,4.3,34,5.624,230141.16,134249.01
33,13275.89,4857.73,15,69.54,5.7,49,4.391,58292.76,72865.95
40,84128.73,19991.72,5,176.93,6.3,32,2.852,239900.64,99958.6
37,27932.67,6396.93,5,227.71,2.3,11,2.748,76763.16,31984.65
28,6942.19,2926.07,6,218.49,6.6,14,5.058,35112.84,17556.42
32,57771.57,28086.63,8,186.72,8.8,68,5.834,337039.56,224693.04
30,99859.99,38488.97,13,221.12,8.1,1,4.625,461867.64,500356.61
29,49878.58,16027.61,8,152.67,6.0,36,3.856,192331.32,128220.88
43,56235.09,12027.01,6,181.41,7.1,90,2.566,144324.12,72162.06
38,51636.59,10599.33,13,115.96,5.9,36,2.463,127191.96,137791.29
28,48022.21,16378.23,5,164.61,7.3,90,4.093,196538.76,81891.15
43,101364.25,27575.23,7,216.48,10.0,34,3.264,330902.76,193026.61
38,44194.51,18979.9,6,120.53,8.9,1,5.154,227758.8,113879.4
43,82380.25,17925.4,6,106.93,8.0,52,2.611,215104.8,107552.4
41,74058.74,11435.99,7,154.87,6.0,10,1.853,137231.88,80051.93
26,36638.19,15014.88,8,138.67,8.5,17,4.918,180178.56,120119.04
29,69840.85,13512.75,6,182.46,3.6,11,2.322,162153.0,81076.5
42,74330.15,17762.82,9,127.34,6.5,9,2.868,213153.84,159865.38
41,49771.67,9067.04,7,235.92,8.2,16,2.186,108804.48,63469.28
34,60730.2,30889.2,6,85.52,8.5,14,6.104,370670.4,185335.2
36,32030.64,20101.15,6,212.69,8.3,30,7.531,241213.8,120606.9
47,88900.05,23133.21,6,111.76,7.6,50,3.123,277598.52,138799.26
29,49817.62,14213.47,5,60.2,6.6,10,3.424,170561.64,71067.35
40,83927.86,16000.3,7,161.89,8.1,7,2.288,192003.6,112002.1
32,59493.96,23129.05,4,137.27,5.1,32,4.665,277548.6,92516.2
32,49499.46,12671.61,12,79.15,5.3,33,3.072,152059.32,152059.32
45,77088.8,17391.18,6,65.93,7.1,69,2.707,208694.16,104347.08
43,99177.28,25699.75,10,149.58,7.3,1,3.11,308397.0,256997.5
43,59242.11,14181.2,4,198.79,3.3,57,2.873,170174.4,56724.8
48,71048.41,18651.74,8,179.25,7.9,22,3.15,223820.88,149213.92
35,23763.28,8339.03,2,152.84,8.5,29,4.211,100068.36,16678.06
41,67249.88,19099.93,6,173.94,6.8,2,3.408,229199.16,114599.58
31,43895.51,9968.04,9,148.64,10.0,17,2.725,119616.48,89712.36
38,37809.76,9792.93,6,78.51,5.6,7,3.108,117515.16,58757.58
33,46260.57,9948.82,10,78.96,6.3,8,2.581,119385.84,99488.2
35,51133.0,17685.27,6,139.84,6.2,21,4.15,212223.24,106111.62
40,75818.08,14564.9,8,141.97,6.8,50,2.305,174778.8,116519.2
26,48590.02,16026.85,3,192.55,6.3,40,3.958,192322.2,48080.55
55,81012.05,19992.16,5,187.87,4.2,26,2.961,239905.92,99960.8
24,36003.04,12117.27,11,180.26,5.9,23,4.039,145407.24,133289.97
22,10881.96,3989.36,9,135.99,6.8,16,4.399,47872.32,35904.24
46,86450.2,7220.74,7,80.97,9.5,90,1.002,86648.88,50545.18
42,74795.4,19623.82,8,170.6,10.0,24,3.148,235485.84,156990.56
41,66839.66,15704.6,4,176.26,9.7,8,2.82,188455.2,62818.4
41,105290.1,21145.15,12,90.14,5.4,7,2.41,253741.8,253741.8
34,80615.02,22271.58,11,108.28,5.6,28,3.315,267258.96,244987.38
26,74375.24,21007.19,6,115.45,6.7,22,3.389,252086.28,126043.14
35,45731.14,7572.85,9,155.92,10.0,1,1.987,90874.2,68155.65
28,79814.52,21381.78,14,109.83,6.7,53,3.215,256581.36,299344.92
44,116174.6,30877.58,8,148.09,4.3,36,3.189,370530.96,247020.64
33,43258.28,14794.66,8,139.47,6.0,32,4.104,177535.92,118357.28
26,37731.95,12525.78,6,142.04,8.5,2,3.984,150309.36,75154.68
31,43950.61,13329.46,8,114.18,8.4,13,3.639,159953.52,106635.68
39,42236.46,12952.16,6,118.05,6.6,82,3.68,155425.92,77712.96
29,53408.32,13394.01,11,95.99,8.4,59,3.009,160728.12,147334.11
26,53211.48,20035.05,5,169.0,2.5,10,4.518,240420.6,100175.25
37,50060.92,17004.36,12,178.56,7.2,5,4.076,204052.32,204052.32
37,58738.76,19998.5,9,111.47,8.7,17,4.086,239982.0,179986.5
29,73812.93,18876.06,11,226.03,5.3,13,3.069,226512.72,207636.66
30,68991.08,5358.83,6,134.27,5.3,34,0.932,64305.96,32152.98
37,20302.04,9132.29,9,226.51,3.3,90,5.398,109587.48,82190.61
20,25553.59,9503.81,9,117.89,10.0,13,4.463,114045.72,85534.29
20,47749.36,19062.29,9,48.67,5.6,1,4.791,228747.48,171560.61
27,22662.43,8709.78,9,170.11,7.5,68,4.612,104517.36,78388.02
32,45504.69,11799.07,7,162.43,8.2,1,3.112,141588.84,82593.49
38,26597.74,10538.81,5,151.72,10.0,90,4.755,126465.72,52694.05
49,82149.3,25354.14,2,117.89,6.7,32,3.704,304249.68,50708.28
43,68648.29,15528.18,9,148.27,5.9,85,2.714,186338.16,139753.62
33,65183.1,10689.79,6,124.44,7.3,6,1.968,128277.48,64138.74
34,38469.79,15906.36,7,134.88,9.6,1,4.962,190876.32,111344.52
24,60191.99,23260.87,4,192.08,6.7,20,4.637,279130.44,93043.48
34,39075.11,10318.87,9,159.21,5.1,17,3.169,123826.44,92869.83
32,57836.08,17115.76,8,180.5,3.9,12,3.551,205389.12,136926.08
38,20421.77,2728.23,10,138.41,4.6,90,1.603,32738.76,27282.3
26,53667.2,17803.42,9,132.9,8.7,51,3.981,213641.04,160230.78
40,102131.81,20708.17,9,92.33,6.4,32,2.433,248498.04,186373.53
50,58298.64,15055.7,2,131.5,5.8,5,3.099,180668.4,30111.4
33,52391.61,6844.65,6,16.06,5.6,39,1.568,82135.8,41067.9
39,30538.62,11881.86,7,120.49,7.2,38,4.669,142582.32,83173.02
41,74978.4,13737.52,7,145.91,6.5,16,2.199,164850.24,96162.64
30,46829.41,22207.81,9,178.18,6.5,77,5.691,266493.72,199870.29
37,49453.91,11923.49,6,136.57,9.7,5,2.893,143081.88,71540.94
35,31334.64,4139.32,6,167.38,10.0,9,1.585,49671.84,24835.92
35,41134.35,7947.8,10,41.01,3.8,1,2.319,95373.6,79478.0
27,32303.95,13748.88,10,147.16,7.7,47,5.107,164986.56,137488.8
35,46541.08,13198.03,12,90.91,5.4,29,3.403,158376.36,158376.36
39,84234.17,20054.15,8,89.58,6.5,11,2.857,240649.8,160433.2
49,69558.24,15092.81,5,140.64,7.6,5,2.604,181113.72,75464.05
44,62606.97,19478.29,8,213.81,6.6,1,3.733,233739.48,155826.32
56,79423.41,31860.45,8,168.56,7.5,5,4.814,382325.4,254883.6
27,45813.53,19868.13,8,150.91,8.3,18,5.204,238417.56,158945.04
43,75799.64,19185.57,14,149.02,7.6,8,3.037,230226.84,268597.98
36,70798.09,11368.99,2,114.32,5.7,8,1.927,136427.88,22737.98
56,37887.69,10052.77,7,122.8,5.7,62,3.184,120633.24,70369.39
26,86520.19,27843.87,7,171.37,4.1,21,3.862,334126.44,194907.09
26,63558.52,14024.57,5,80.73,5.3,39,2.648,168294.84,70122.85
29,40241.77,8816.06,7,179.65,10.0,1,2.629,105792.72,61712.42
18,49026.78,15955.21,8,130.57,5.4,13,3.905,191462.52,127641.68
29,37885.7,11694.88,8,191.28,4.6,19,3.704,140338.56,93559.04
27,64841.91,20218.18,12,198.05,7.6,6,3.742,242618.16,242618.16
36,55985.85,12267.28,4,66.35,6.8,3,2.629,147207.36,49069.12
38,76034.83,20650.49,6,120.92,6.6,61,3.259,247805.88,123902.94
53,67037.42,10459.62,8,107.22,9.8,84,1.872,125515.44,83676.96
44,80189.82,12842.43,9,59.36,8.1,2,1.922,154109.16,115581.87
29,34931.64,14165.32,6,98.37,5.9,12,4.866,169983.84,84991.92
26,59199.44,6042.01,11,272.06,6.2,90,1.225,72504.12,66462.11
39,36445.69,7144.63,6,180.48,6.0,2,2.352,85735.56,42867.78
21,43236.32,16430.19,9,245.86,8.7,30,4.56,197162.28,147871.71
53,80407.66,20753.56,12,191.45,6.4,90,3.097,249042.72,249042.72
46,70680.02,20717.7,7,112.91,3.4,90,3.517,248612.4,145023.9
30,53693.61,7631.42,14,130.91,6.9,19,1.706,91577.04,106839.88
18,39786.68,15716.63,6,179.42,3.9,5,4.74,188599.56,94299.78
48,74442.3,12589.6,9,171.88,10.0,6,2.029,151075.2,113306.4
33,74008.28,24872.16,8,121.13,5.1,66,4.033,298465.92,198977.28
47,76537.27,20855.31,10,74.5,6.7,72,3.27,250263.72,208553.1
19,56826.63,20946.02,9,314.39,7.5,28,4.423,251352.24,188514.18
29,60733.06,19578.68,5,142.94,6.4,43,3.868,234944.16,97893.4
35,73714.08,18182.16,7,133.71,6.4,40,2.96,218185.92,127275.12
35,64379.07,17515.41,10,155.67,7.8,32,3.265,210184.92,175154.1
30,69920.95,32895.21,6,137.86,10.0,52,5.646,394742.52,197371.26
41,92147.69,29166.33,7,156.14,8.5,34,3.798,349995.96,204164.31
24,61482.39,26704.19,8,214.35,10.0,22,5.212,320450.28,213633.52
33,80026.67,30711.16,6,143.77,4.9,8,4.605,368533.92,184266.96
36,43546.4,16486.02,5,91.86,7.6,40,4.543,197832.24,82430.1
40,77773.56,26784.67,7,141.92,7.3,19,4.133,321416.04,187492.69
42,92370.53,24622.39,4,126.78,7.7,10,3.199,295468.68,98489.56
23,34131.57,15221.67,12,221.19,9.8,48,5.352,182660.04,182660.04
19,20000.13,7921.67,12,208.56,6.6,35,4.753,95060.04,95060.04
47,88787.19,24446.68,9,155.38,6.2,83,3.304,293360.16,220020.12
38,37129.64,14642.37,7,86.06,8.1,5,4.732,175708.44,102496.59
27,68556.8,22354.81,5,88.71,3.4,31,3.913,268257.72,111774.05
50,88572.96,12696.12,5,150.76,6.5,8,1.72,152353.44,63480.6
36,55371.85,18601.36,7,166.82,6.7,70,4.031,223216.32,130209.52
46,100817.69,35789.03,6,131.27,5.2,3,4.26,429468.36,214734.18
35,60156.72,9801.31,7,125.99,9.1,32,1.955,117615.72,68609.17
55,63209.14,13983.47,9,120.36,4.9,46,2.655,167801.64,125851.23
52,72902.25,14822.96,8,148.83,6.7,13,2.44,177875.52,118583.68
32,42700.95,12043.69,6,30.86,7.6,90,3.385,144524.28,72262.14
44,106449.48,25254.04,9,94.93,9.7,57,2.847,303048.48,227286.36
41,76140.25,24790.02,8,118.65,7.0,10,3.907,297480.24,198320.16
48,37773.14,13613.53,5,210.38,8.9,1,4.325,163362.36,68067.65
25,19018.13,7826.47,9,109.31,8.4,10,4.938,93917.64,70438.23
41,76955.47,19721.41,6,159.02,7.2,9,3.075,236656.92,118328.46
45,82024.09,24599.37,8,161.33,4.8,66,3.599,295192.44,196794.96
18,53218.81,15537.08,6,214.9,4.1,90,3.503,186444.96,93222.48
23,39529.41,14979.47,7,213.13,7.2,2,4.547,179753.64,104856.29
18,41832.42,18834.67,8,147.12,5.9,19,5.403,226016.04,150677.36
32,67209.47,20265.67,5,126.23,8.8,23,3.618,243188.04,101328.35
42,40743.3,10273.84,8,116.81,8.5,2,3.026,123286.08,82190.72
50,100009.03,19812.81,5,137.95,6.6,14,2.377,237753.72,99064.05
35,55651.6,15083.52,9,128.3,4.7,11,3.252,181002.24,135751.68
51,69294.31,22440.08,11,177.68,8.0,23,3.886,269280.96,246840.88
21,22093.49,8369.64,8,171.02,5.0,32,4.546,100435.68,66957.12
18,32468.11,11790.37,6,179.59,5.5,36,4.358,141484.44,70742.22
34,64697.56,9161.46,11,212.96,5.0,4,1.699,109937.52,100776.06
38,63257.63,30117.5,7,243.14,6.7,50,5.713,361410.0,210822.5
34,73469.48,31883.25,10,156.23,9.3,34,5.208,382599.0,318832.5
18,37045.19,19036.95,8,204.97,7.0,65,6.167,228443.4,152295.6
34,24063.36,9672.99,9,132.42,6.1,17,4.824,116075.88,87056.91
21,42078.38,20658.54,7,209.25,3.9,67,5.891,247902.48,144609.78
41,84928.45,18590.3,7,203.08,8.1,60,2.627,223083.6,130132.1
38,39427.67,12932.6,12,200.42,5.4,17,3.936,155191.2,155191.2
25,36014.08,15247.6,3,154.7,7.2,14,5.081,182971.2,45742.8
29,74765.66,16375.97,6,116.58,6.3,81,2.628,196511.64,98255.82
24,29626.74,13537.81,9,80.27,8.7,37,5.483,162453.72,121840.29
34,56176.66,11467.32,8,148.0,6.7,79,2.45,137607.84,91738.56
44,76610.28,25034.44,8,226.65,6.9,47,3.921,300413.28,200275.52
25,32154.33,9283.06,7,134.51,8.0,28,3.464,111396.72,64981.42
40,60674.73,19108.11,9,189.26,10.0,3,3.779,229297.32,171972.99
29,61310.19,21110.01,11,192.2,8.8,10,4.132,253320.12,232210.11
27,14784.74,7660.76,8,135.82,6.8,90,6.218,91929.12,61286.08
33,65066.83,16290.21,7,215.82,7.0,11,3.004,195482.52,114031.47
24,52083.23,18782.38,8,4.57,6.0,2,4.327,225388.56,150259.04
29,75795.06,26535.29,15,97.74,5.1,36,4.201,318423.48,398029.35
23,42447.85,15981.7,14,104.22,5.9,39,4.518,191780.4,223743.8
54,63942.38,17948.74,10,109.01,5.5,10,3.368,215384.88,179487.4
35,25514.04,10497.74,6,166.81,8.3,10,4.937,125972.88,62986.44
28,45819.53,16033.85,13,164.5,4.9,18,4.199,192406.2,208440.05
37,32989.59,6325.64,4,169.7,9.7,1,2.301,75907.68,25302.56
33,38389.53,14941.15,4,179.8,8.5,46,4.67,179293.8,59764.6
32,61771.57,23344.04,7,102.49,7.0,11,4.535,280128.48,163408.28
41,65973.76,22526.66,10,89.09,7.0,57,4.097,270319.92,225266.6
42,96285.08,34818.35,13,169.82,5.9,48,4.339,417820.2,452638.55
29,26082.34,9379.71,6,118.49,7.5,32,4.315,112556.52,56278.26
29,58892.05,16325.6,10,71.48,9.2,11,3.327,195907.2,163256.0
32,73932.63,30066.9,5,198.57,5.6,21,4.88,360802.8,150334.5
18,46121.57,17904.44,11,219.76,3.9,17,4.658,214853.28,196948.84
19,31011.26,11644.82,6,227.86,8.4,12,4.506,139737.84,69868.92
48,77786.93,18765.15,8,159.35,7.6,56,2.895,225181.8,150121.2
51,72172.02,15124.39,4,181.3,4.8,19,2.515,181492.68,60497.56
32,62965.61,22790.75,8,218.49,5.5,53,4.343,273489.0,182326.0
40,65980.87,10344.91,9,117.93,5.3,3,1.881,124138.92,93104.19
38,58390.65,24950.05,11,205.53,5.6,4,5.128,299400.6,274450.55
65,32250.16,5934.82,8,163.77,6.4,90,2.208,71217.84,47478.56
46,97942.25,35478.03,8,195.69,6.5,26,4.347,425736.36,283824.24
33,64447.63,15278.57,9,159.3,5.7,21,2.845,183342.84,137507.13
25,10461.77,2850.82,13,214.81,5.5,22,3.27,34209.84,37060.66
18,34768.96,14578.67,10,161.18,6.5,7,5.032,174944.04,145786.7
37,42007.28,9349.58,9,75.8,7.3,38,2.671,112194.96,84146.22
27,54493.69,12848.07,8,222.6,6.4,2,2.829,154176.84,102784.56
20,31334.29,13385.47,7,102.62,9.3,25,5.126,160625.64,93698.29
28,21632.69,6417.44,12,212.65,8.0,25,3.56,77009.28,77009.28
24,43490.12,20879.39,2,145.49,3.8,73,5.761,250552.68,41758.78
51,101963.02,23249.19,6,208.8,8.0,22,2.736,278990.28,139495.14
43,97771.16,29991.48,6,206.74,8.2,4,3.681,359897.76,179948.88
34,38962.84,11471.43,6,171.51,6.1,25,3.533,137657.16,68828.58
49,87386.56,18607.85,13,175.43,4.0,2,2.555,223294.2,241902.05
35,38715.05,9953.49,6,171.13,7.0,6,3.085,119441.88,59720.94
26,53691.03,23590.66,6,49.31,7.0,1,5.273,283087.92,141543.96
50,84347.45,27574.3,9,155.92,4.8,21,3.923,330891.6,248168.7
40,61760.93,13278.24,8,94.2,4.1,2,2.58,159338.88,106225.92
24,72857.24,26271.19,14,158.56,6.8,19,4.327,315254.28,367796.66
33,74167.32,20151.25,6,92.85,6.5,81,3.26,241815.0,120907.5
26,70481.25,26623.44,4,90.75,6.2,38,4.533,319481.28,106493.76
21,46951.66,16737.88,9,230.25,6.8,2,4.278,200854.56,150640.92
44,76312.71,14531.01,7,203.47,4.8,7,2.285,174372.12,101717.07
54,69742.1,16708.44,8,149.79,6.1,33,2.875,200501.28,133667.52
21,67359.6,17917.71,8,159.24,8.1,67,3.192,215012.52,143341.68
40,52617.32,11755.3,10,137.6,6.3,1,2.681,141063.6,117553.0
28,46596.31,8671.6,6,178.49,3.7,50,2.233,104059.2,52029.6
30,40935.44,8215.54,4,116.2,6.1,24,2.408,98586.48,32862.16
29,63927.75,38192.71,10,199.69,4.9,23,7.169,458312.52,381927.1
26,69106.1,29302.82,10,137.35,7.5,90,5.088,351633.84,293028.2
35,51768.14,8786.3,5,129.01,7.6,41,2.037,105435.6,43931.5
26,79550.6,13078.15,7,151.09,3.7,56,1.973,156937.8,91547.05
37,27166.22,10069.32,8,120.44,8.5,13,4.448,120831.84,80554.56
34,46126.81,15924.01,4,166.43,4.8,24,4.143,191088.12,63696.04
32,35663.55,13512.6,7,123.13,10.0,28,4.547,162151.2,94588.2
25,45687.7,17604.46,12,173.43,6.9,11,4.624,211253.52,211253.52
29,48346.39,14114.77,8,210.8,4.5,25,3.503,169377.24,112918.16
42,95855.65,26821.85,6,114.03,4.7,8,3.358,321862.2,160931.1
40,69562.55,17211.88,5,143.47,7.7,4,2.969,206542.56,86059.4
25,33701.14,14998.88,8,173.07,6.2,14,5.341,179986.56,119991.04
35,29516.26,8816.36,9,128.21,6.8,40,3.584,105796.32,79347.24
42,97939.13,27558.61,4,173.22,10.0,74,3.377,330703.32,110234.44
18,43479.16,16061.71,9,177.77,5.6,18,4.433,192740.52,144555.39
40,93226.2,21950.01,6,204.16,7.1,30,2.825,263400.12,131700.06
28,45470.32,14829.21,11,119.7,9.8,3,3.914,177950.52,163121.31
40,88350.77,19149.56,9,102.86,7.5,70,2.601,229794.72,172346.04
27,42555.86,16398.67,8,134.62,3.8,25,4.624,196784.04,131189.36
18,57806.39,29317.79,8,101.61,8.0,45,6.086,351813.48,234542.32
18,58295.63,22570.33,7,178.22,4.7,47,4.646,270843.96,157992.31
35,80864.87,30200.7,7,91.91,9.8,8,4.482,362408.4,211404.9
37,40223.01,19423.1,7,266.65,5.4,22,5.795,233077.2,135961.7
25,34246.63,13950.35,7,214.8,10.0,90,4.888,167404.2,97652.45
41,89193.26,19695.83,12,150.63,9.9,2,2.65,236349.96,236349.96
18,42531.84,14113.97,11,193.37,5.4,34,3.982,169367.64,155253.67
34,56463.35,20023.9,7,68.16,7.0,90,4.256,240286.8,140167.3
22,25707.33,10652.12,4,276.17,8.5,10,4.972,127825.44,42608.48
28,40679.27,11553.89,14,120.49,8.6,59,3.408,138646.68,161754.46
35,18105.94,5694.71,10,143.98,7.9,81,3.774,68336.52,56947.1
26,60272.0,24302.52,11,57.2,9.5,41,4.839,291630.24,267327.72
31,39345.98,15011.34,5,174.31,6.8,7,4.578,180136.08,75056.7
45,70770.29,24928.62,13,84.22,6.3,12,4.227,299143.44,324072.06
29,7445.24,2194.29,8,155.08,6.3,1,3.537,26331.48,17554.32
43,107867.75,28181.37,5,122.79,8.7,53,3.135,338176.44,140906.85
23,48246.69,14523.89,7,96.11,7.7,56,3.612,174286.68,101667.23
40,80646.88,12162.51,8,109.78,7.6,30,1.81,145950.12,97300.08
49,84528.98,18933.61,10,161.29,8.6,13,2.688,227203.32,189336.1
18,55533.55,24139.59,5,85.93,2.9,2,5.216,289675.08,120697.95
27,59375.49,20539.93,5,112.56,7.6,41,4.151,246479.16,102699.65
40,70263.85,17906.27,4,183.16,7.4,38,3.058,214875.24,71625.08
32,56035.84,14379.26,5,280.12,10.0,73,3.079,172551.12,71896.3
38,65321.61,25712.53,12,173.88,3.9,39,4.724,308550.36,308550.36
28,74538.66,37910.66,2,104.14,10.0,52,6.103,454927.92,75821.32
35,47996.92,6521.12,7,131.64,7.2,41,1.63,78253.44,45647.84
33,45926.52,4360.19,9,151.58,8.0,29,1.139,52322.28,39241.71
46,66032.52,22600.95,9,132.53,10.0,16,4.107,271211.4,203408.55
37,33462.39,12598.24,7,195.15,8.1,69,4.518,151178.88,88187.68
38,45470.42,8772.92,10,160.87,7.8,31,2.315,105275.04,87729.2
30,57347.31,20254.01,8,195.39,7.5,15,4.238,243048.12,162032.08
30,68271.69,2807.08,10,134.28,6.0,2,0.493,33684.96,28070.8
30,33936.42,10253.92,10,216.28,6.9,10,3.626,123047.04,102539.2
38,79853.77,26517.34,3,141.68,5.6,23,3.985,318208.08,79552.02
30,44577.53,16843.82,4,101.44,6.9,9,4.534,202125.84,67375.28
37,49572.65,9962.04,7,258.87,2.3,7,2.412,119544.48,69734.28
55,87159.44,26272.9,7,58.75,7.9,22,3.617,315274.8,183910.3
43,83262.7,16978.44,8,113.06,6.8,5,2.447,203741.28,135827.52
31,67680.91,22630.03,4,118.65,6.3,48,4.012,271560.36,90520.12
47,68159.71,25281.65,9,275.42,7.4,19,4.451,303379.8,227534.85
30,44373.45,11526.98,13,240.34,4.1,25,3.117,138323.76,149850.74
18,40397.99,17622.47,8,224.7,10.0,4,5.235,211469.64,140979.76
24,33326.16,15595.46,9,133.47,6.8,11,5.616,187145.52,140359.14
18,43601.31,15216.93,10,271.31,6.7,15,4.188,182603.16,152169.3
31,39418.95,11352.84,5,168.42,5.1,49,3.456,136234.08,56764.2
35,65885.29,19868.78,6,198.86,7.0,44,3.619,238425.36,119212.68
51,58423.6,14514.87,5,158.98,9.8,7,2.981,174178.44,72574.35
38,55871.16,15247.41,10,147.53,9.1,28,3.275,182968.92,152474.1
32,22868.36,6842.73,7,137.41,8.7,8,3.591,82112.76,47899.11
43,60951.15,19036.05,9,139.52,8.1,90,3.748,228432.6,171324.45
18,44174.59,18024.47,11,180.42,6.3,90,4.896,216293.64,198269.17
37,17697.36,7484.44,7,168.36,4.1,24,5.075,89813.28,52391.08
42,97942.01,18829.31,8,148.43,6.6,36,2.307,225951.72,150634.48
20,40811.44,17475.08,9,225.48,6.5,48,5.138,209700.96,157275.72
46,70801.19,9210.66,9,1.66,9.1,38,1.561,110527.92,82895.94
38,54011.38,19275.59,5,175.49,7.6,36,4.283,231307.08,96377.95
30,72972.75,25397.3,10,185.89,10.0,90,4.176,304767.6,253973.0
41,74916.37,13453.36,8,207.35,9.4,27,2.155,161440.32,107626.88
57,51233.6,21027.42,11,146.76,6.1,30,4.925,252329.04,231301.62
36,58576.33,24031.24,8,160.4,3.4,56,4.923,288374.88,192249.92
37,63862.11,14516.17,5,199.3,9.8,33,2.728,174194.04,72580.85
30,53528.83,8649.03,9,224.56,9.7,39,1.939,103788.36,77841.27
26,42659.44,11472.87,9,134.97,4.3,8,3.227,137674.44,103255.83
43,101755.1,8901.87,9,163.35,10.0,13,1.05,106822.44,80116.83
26,51722.88,14990.18,5,233.93,7.8,4,3.478,179882.16,74950.9
35,28557.22,12635.13,10,43.8,7.3,21,5.309,151621.56,126351.3
30,8427.01,2444.79,10,115.5,10.0,18,3.481,29337.48,24447.9
39,58731.2,18519.67,9,223.29,9.7,90,3.784,222236.04,166677.03
38,68078.7,20078.9,8,204.63,8.3,28,3.539,240946.8,160631.2
45,63167.74,22462.73,8,176.12,7.9,46,4.267,269552.76,179701.84
29,29805.39,2817.9,10,127.57,8.2,12,1.135,33814.8,28179.0
32,62383.09,14443.45,10,105.91,6.2,53,2.778,173321.4,144434.5
25,41787.15,17638.94,3,120.44,6.9,28,5.065,211667.28,52916.82
30,50415.87,21343.14,14,227.4,5.2,35,5.08,256117.68,298803.96
38,35439.94,8774.94,11,118.58,6.3,10,2.971,105299.28,96524.34
42,69095.08,18014.93,8,155.07,6.3,23,3.129,216179.16,144119.44
25,38261.85,13649.34,8,112.31,5.7,30,4.281,163792.08,109194.72
43,68468.5,13951.68,8,192.14,7.3,26,2.445,167420.16,111613.44
48,104271.03,28427.54,9,123.06,6.4,74,3.272,341130.48,255847.86
39,40345.13,9975.67,12,145.12,8.0,68,2.967,119708.04,119708.04
53,109900.75,28515.59,13,71.64,3.8,90,3.114,342187.08,370702.67
27,52453.41,12174.0,11,69.33,6.8,33,2.785,146088.0,133914.0
22,49959.55,14008.7,7,150.38,7.3,90,3.365,168104.4,98060.9
18,47362.27,19766.55,7,83.74,6.4,53,5.008,237198.6,138365.85
49,91273.45,25652.1,5,255.25,6.7,9,3.373,307825.2,128260.5
41,91750.77,28486.46,6,46.92,3.8,16,3.726,341837.52,170918.76
34,18736.18,3544.95,3,109.99,7.7,8,2.27,42539.4,10634.85
37,67662.2,18845.78,9,150.84,8.3,1,3.342,226149.36,169612.02
23,30168.97,11837.55,13,131.74,8.0,6,4.709,142050.6,153888.15
59,46390.4,17041.38,7,94.79,9.1,1,4.408,204496.56,119289.66
36,113862.15,42135.83,7,102.1,7.4,38,4.441,505629.96,294950.81
36,55975.06,12190.07,11,100.47,8.0,16,2.613,146280.84,134090.77
42,71294.67,16790.18,6,135.66,7.3,11,2.826,201482.16,100741.08
39,41472.85,14935.71,9,247.6,8.4,43,4.322,179228.52,134421.39
37,72968.91,32960.98,13,153.9,3.8,53,5.421,395531.76,428492.74
27,52265.41,18675.32,11,209.15,5.2,90,4.288,224103.84,205428.52
39,21234.44,8221.59,11,175.35,10.0,30,4.646,98659.08,90437.49
53,109209.93,22498.12,8,205.69,2.1,18,2.472,269977.44,179984.96
48,84015.44,24481.16,12,73.01,6.7,10,3.497,293773.92,293773.92
50,92796.65,26921.85,12,134.78,9.3,7,3.481,323062.2,323062.2
29,71600.96,14840.87,15,215.36,6.8,7,2.487,178090.44,222613.05
25,29894.09,11110.63,4,121.41,6.2,15,4.46,133327.56,44442.52
33,75620.33,28345.68,6,238.12,7.3,90,4.498,340148.16,170074.08
35,51357.11,12360.39,5,224.19,6.3,1,2.888,148324.68,61801.95
45,78417.13,19999.25,8,126.54,7.1,6,3.06,239991.0,159994.0
18,37456.26,16413.23,10,124.84,5.6,6,5.258,196958.76,164132.3
50,75979.51,27267.35,7,99.32,9.2,37,4.307,327208.2,190871.45
33,37129.0,11753.24,7,118.52,9.8,13,3.799,141038.88,82272.68
30,70599.22,23749.67,3,88.37,6.7,18,4.037,284996.04,71249.01
24,47368.37,18840.96,10,171.44,4.2,4,4.773,226091.52,188409.6
18,41480.57,13856.18,9,77.2,6.0,15,4.008,166274.16,124705.62
43,104945.63,23939.03,8,180.19,6.6,3,2.737,287268.36,191512.24
35,58471.98,23230.65,9,181.4,8.0,22,4.768,278767.8,209075.85
22,33568.5,10185.6,7,66.94,5.0,3,3.641,122227.2,71299.2
22,42615.19,14640.53,7,227.49,5.5,46,4.123,175686.36,102483.71
31,50484.39,24031.02,10,175.68,8.0,25,5.712,288372.24,240310.2
51,88095.86,18060.28,6,187.48,8.9,38,2.46,216723.36,108361.68
32,48407.17,9924.02,6,112.07,5.8,16,2.46,119088.24,59544.12
19,36691.89,19066.97,8,181.12,4.3,14,6.236,228803.64,152535.76
32,28752.13,5087.21,11,206.32,10.0,3,2.123,61046.52,55959.31
32,58566.14,12416.77,8,145.07,8.6,22,2.544,149001.24,99334.16
18,48804.86,21285.7,11,250.1,6.5,21,5.234,255428.4,234142.7
34,69714.6,11221.9,8,152.2,8.7,18,1.932,134662.8,89775.2
32,73747.72,22630.93,10,207.04,6.8,40,3.682,271571.16,226309.3
41,101770.63,27570.13,6,164.65,8.7,53,3.251,330841.56,165420.78
53,83829.92,18128.48,8,179.28,7.3,41,2.595,217541.76,145027.84
46,67274.5,18485.41,7,66.43,7.2,4,3.297,221824.92,129397.87
32,53887.69,19141.23,7,168.55,6.8,29,4.262,229694.76,133988.61
23,43330.58,17740.87,3,113.25,4.1,2,4.913,212890.44,53222.61
60,56769.68,13371.08,11,107.68,10.0,35,2.826,160452.96,147081.88
35,44091.97,17177.43,7,237.21,5.1,14,4.675,206129.16,120242.01
35,53369.22,10186.79,6,139.31,4.3,4,2.29,122241.48,61120.74
34,76351.95,28659.56,11,99.83,6.6,59,4.504,343914.72,315255.16
36,29869.15,9554.26,2,132.04,5.1,28,3.838,114651.12,19108.52
33,72797.57,26973.07,7,84.98,6.9,13,4.446,323676.84,188811.49
29,76342.3,13747.91,9,221.69,8.4,1,2.161,164974.92,123731.19
29,47638.63,9663.56,8,115.22,9.0,23,2.434,115962.72,77308.48
34,7562.9,2907.22,12,176.46,8.6,77,4.613,34886.64,34886.64
29,37843.56,7920.37,6,217.81,6.4,27,2.512,95044.44,47522.22
27,75939.89,26895.92,13,124.99,7.1,90,4.25,322751.04,349646.96
36,49542.64,7460.7,11,176.6,7.8,4,1.807,89528.4,82067.7
32,30013.96,11915.58,12,80.51,3.5,25,4.764,142986.96,142986.96
50,71249.86,14844.88,4,272.29,8.1,48,2.5,178138.56,59379.52
18,36847.22,14404.2,14,196.82,4.1,22,4.691,172850.4,201658.8
45,81544.48,18754.24,4,140.37,10.0,2,2.76,225050.88,75016.96
47,70602.5,24325.53,12,111.36,6.2,26,4.135,291906.36,291906.36
18,42315.19,16402.65,5,144.3,6.6,28,4.652,196831.8,82013.25
31,42164.84,13176.09,6,133.0,5.5,39,3.75,158113.08,79056.54
31,31551.8,8175.48,12,247.65,5.7,42,3.109,98105.76,98105.76
20,53150.48,24362.04,9,88.72,10.0,44,5.5,292344.48,219258.36
27,43553.59,4554.57,10,156.74,8.9,32,1.255,54654.84,45545.7
23,34303.7,12880.02,9,149.08,3.9,7,4.506,154560.24,115920.18
52,63388.08,14561.55,8,144.13,10.0,15,2.757,174738.6,116492.4
44,98021.26,20590.09,11,144.57,9.4,44,2.521,247081.08,226490.99
47,71826.95,22161.05,7,144.2,6.4,90,3.702,265932.6,155127.35
42,82072.89,16205.12,10,193.65,7.6,2,2.369,194461.44,162051.2
23,44026.57,18880.62,7,180.45,7.0,23,5.146,226567.44,132164.34
29,31925.96,8615.34,16,170.95,10.0,11,3.238,103384.08,137845.44
39,56487.19,21694.89,7,1.7,5.4,7,4.609,260338.68,151864.23
22,39295.4,15033.58,12,164.99,7.3,21,4.591,180402.96,180402.96
42,84442.0,18184.83,5,67.22,6.1,27,2.584,218217.96,90924.15
32,40707.65,15365.17,7,182.32,4.1,1,4.529,184382.04,107556.19
31,54023.19,8043.69,11,223.72,10.0,45,1.787,96524.28,88480.59
42,71177.7,19846.34,8,103.69,4.6,51,3.346,238156.08,158770.72
39,44821.9,16115.91,11,136.91,7.4,90,4.315,193390.92,177275.01
31,61733.88,12510.46,6,120.03,3.5,5,2.432,150125.52,75062.76
46,101761.99,30215.23,9,211.77,6.2,27,3.563,362582.76,271937.07
24,44269.84,22002.46,7,154.75,7.8,16,5.964,264029.52,154017.22
41,63242.87,19670.04,5,236.42,5.4,12,3.732,236040.48,98350.2
40,83924.38,17845.59,8,170.69,8.2,25,2.552,214147.08,142764.72
31,88778.58,39183.5,4,162.12,6.5,45,5.296,470202.0,156734.0
38,29993.37,11956.72,4,153.41,9.3,1,4.784,143480.64,47826.88
22,33454.35,14623.38,4,190.9,9.7,90,5.245,175480.56,58493.52
44,83691.77,23416.99,12,84.99,5.8,49,3.358,281003.88,281003.88
33,53591.64,23088.1,6,154.27,7.2,41,5.17,277057.2,138528.6
29,57012.6,19841.66,9,146.5,7.4,42,4.176,238099.92,178574.94
45,79186.18,17951.08,8,186.27,8.2,14,2.72,215412.96,143608.64
27,62694.43,30965.98,4,140.61,7.0,41,5.927,371591.76,123863.92
20,41103.35,19001.17,10,98.06,7.4,14,5.547,228014.04,190011.7
19,51078.23,18938.76,13,150.37,6.5,68,4.449,227265.12,246203.88
41,60546.31,13303.07,7,95.86,7.2,5,2.637,159636.84,93121.49
22,30629.93,13872.5,6,53.74,9.6,10,5.435,166470.0,83235.0
52,93062.26,28864.25,11,186.36,8.3,24,3.722,346371.0,317506.75
18,26705.95,10265.0,6,178.95,8.4,11,4.612,123180.0,61590.0
51,91152.66,20283.5,8,173.35,8.4,16,2.67,243402.0,162268.0
37,72141.61,15020.25,6,215.15,6.7,20,2.498,180243.0,90121.5
34,47592.38,20912.71,13,116.75,7.6,58,5.273,250952.52,271865.23
29,6546.61,2431.73,7,78.44,4.8,22,4.457,29180.76,17022.11
38,66948.43,9650.1,5,146.5,9.5,13,1.73,115801.2,48250.5
34,39293.44,13738.97,8,132.62,1.4,8,4.196,164867.64,109911.76
46,69866.47,18438.48,5,107.89,6.8,15,3.167,221261.76,92192.4
36,56639.61,22156.28,12,146.01,9.3,21,4.694,265875.36,265875.36
36,53809.99,22060.39,11,119.42,4.3,41,4.92,264724.68,242664.29
31,64189.04,15363.71,11,58.2,7.8,3,2.872,184364.52,169000.81
34,41290.27,12844.05,8,127.94,5.6,7,3.733,154128.6,102752.4
38,60262.12,30352.59,5,93.18,6.3,14,6.044,364231.08,151762.95
18,27085.44,10983.19,9,161.58,8.9,13,4.866,131798.28,98848.71
21,28293.37,13630.4,12,117.2,7.4,14,5.781,163564.8,163564.8
42,90612.31,23357.95,14,205.58,2.9,47,3.093,280295.4,327011.3
36,31291.23,15217.53,4,230.19,5.0,11,5.836,182610.36,60870.12
33,71719.64,21833.77,6,183.97,9.0,20,3.653,262005.24,131002.62
35,39280.73,16005.76,11,72.45,7.9,29,4.89,192069.12,176063.36
38,66161.16,29258.59,9,225.26,10.0,7,5.307,351103.08,263327.31
29,57345.75,12346.04,10,228.79,10.0,38,2.583,148152.48,123460.4
27,86763.67,20660.34,5,150.94,6.3,23,2.857,247924.08,103301.7
36,45530.68,19692.47,4,216.15,10.0,17,5.19,236309.64,78769.88
25,45953.23,15985.35,5,122.42,7.0,49,4.174,191824.2,79926.75
39,49611.61,16666.78,8,56.69,5.1,8,4.031,200001.36,133334.24
18,25941.4,10640.19,12,111.99,5.7,64,4.922,127682.28,127682.28
45,85623.62,16821.81,6,236.47,2.5,24,2.358,201861.72,100930.86
39,17673.79,4302.68,16,77.06,10.0,28,2.921,51632.16,68842.88
37,28926.35,7479.55,5,149.98,10.0,62,3.103,89754.6,37397.75
44,60790.82,18134.18,7,151.71,5.0,51,3.58,217610.16,126939.26
51,67191.07,18680.06,10,124.35,6.5,27,3.336,224160.72,186800.6
45,97074.22,14627.67,7,127.82,7.2,41,1.808,175532.04,102393.69
18,37021.05,15619.19,10,153.61,5.1,17,5.063,187430.28,156191.9
22,46182.89,19673.92,6,121.89,3.5,23,5.112,236087.04,118043.52
28,51401.04,15804.82,8,78.9,6.6,1,3.69,189657.84,126438.56
35,73237.57,26142.98,10,160.75,6.4,2,4.284,313715.76,261429.8
40,84641.24,22334.37,5,203.67,6.2,53,3.166,268012.44,111671.85
27,54767.38,14715.02,6,193.48,7.4,1,3.224,176580.24,88290.12
36,69503.95,21439.94,10,109.51,9.9,5,3.702,257279.28,214399.4
27,60021.88,11187.2,3,87.44,6.4,47,2.237,134246.4,33561.6
28,53791.63,18930.01,1,135.79,7.3,1,4.223,227160.12,18930.01
20,44166.59,16671.16,5,228.39,8.5,9,4.53,200053.92,83355.8
25,36144.41,18228.1,14,182.28,8.1,26,6.052,218737.2,255193.4
21,41909.24,14050.21,8,185.2,5.8,27,4.023,168602.52,112401.68
25,41071.45,19424.51,7,194.49,7.2,45,5.675,233094.12,135971.57
45,71535.46,15119.11,7,171.04,8.1,21,2.536,181429.32,105833.77
25,37757.59,17396.93,11,156.03,4.7,21,5.529,208763.16,191366.23
61,77473.17,18758.34,8,183.12,9.5,38,2.906,225100.08,150066.72
39,47251.03,15148.54,2,122.69,9.9,20,3.847,181782.48,30297.08
36,69057.49,16501.78,14,80.38,5.6,28,2.867,198021.36,231024.92
26,82245.57,15513.54,9,186.15,7.4,68,2.263,186162.48,139621.86
42,67122.86,20462.66,5,211.89,8.3,15,3.658,245551.92,102313.3
29,82799.29,30213.29,11,94.09,5.9,14,4.379,362559.48,332346.19
36,64842.55,14231.83,7,191.1,8.0,1,2.634,170781.96,99622.81
60,51508.67,19657.95,6,234.04,7.3,28,4.58,235895.4,117947.7
34,17960.68,4665.49,9,149.89,4.1,1,3.117,55985.88,41989.41
46,72269.09,12844.39,9,109.1,7.9,21,2.133,154132.68,115599.51
27,33135.07,12667.54,7,156.15,4.8,48,4.588,152010.48,88672.78
34,93418.85,27223.97,5,122.47,8.9,23,3.497,326687.64,136119.85
52,73332.81,17026.13,6,119.16,5.7,9,2.786,204313.56,102156.78
28,52464.1,13362.18,7,171.66,6.7,46,3.056,160346.16,93535.26
53,67310.55,18046.04,13,49.65,9.7,9,3.217,216552.48,234598.52
42,53873.54,13614.76,7,77.8,8.0,39,3.033,163377.12,95303.32
29,83901.02,18657.65,8,150.96,4.8,28,2.669,223891.8,149261.2
41,97100.2,27979.22,2,148.88,5.0,5,3.458,335750.64,55958.44
44,94559.51,16460.81,8,167.18,5.8,70,2.089,197529.72,131686.48
41,60901.17,20255.47,4,243.76,7.8,6,3.991,243065.64,81021.88
19,37891.65,18758.05,10,155.23,7.7,90,5.941,225096.6,187580.5
27,37764.62,9446.36,11,179.91,5.3,1,3.002,113356.32,103909.96
32,49259.26,12973.96,7,101.22,4.7,9,3.161,155687.52,90817.72
34,41413.96,11130.6,11,188.4,7.6,6,3.225,133567.2,122436.6
41,82044.67,22665.43,10,123.68,6.6,1,3.315,271985.16,226654.3
36,21873.65,8399.82,11,153.57,10.0,39,4.608,100797.84,92398.02
21,62354.27,19990.07,12,144.56,7.1,35,3.847,239880.84,239880.84
38,19905.59,3055.35,7,201.65,10.0,47,1.842,36664.2,21387.45
41,66466.43,21135.39,7,84.5,4.7,8,3.816,253624.68,147947.73
40,76076.49,22344.58,8,35.84,3.9,17,3.525,268134.96,178756.64
45,74828.5,18663.69,10,139.33,4.8,32,2.993,223964.28,186636.9
43,73582.49,13670.9,11,173.43,9.4,17,2.229,164050.8,150379.9
39,34956.87,5513.62,10,157.61,10.0,35,1.893,66163.44,55136.2
34,56383.49,14433.81,9,211.61,5.4,30,3.072,173205.72,129904.29
18,48093.11,17148.0,3,171.87,6.1,3,4.279,205776.0,51444.0
39,12496.55,4785.63,7,121.81,4.7,45,4.595,57427.56,33499.41
37,52300.52,12568.6,3,33.73,3.4,38,2.884,150823.2,37705.8
37,46797.34,12235.08,10,138.13,8.4,31,3.137,146820.96,122350.8
22,64806.51,30756.98,7,201.4,7.4,5,5.695,369083.76,215298.86
24,35030.37,10724.48,6,130.4,7.0,9,3.674,128693.76,64346.88
45,110044.21,24410.26,11,151.42,4.2,14,2.662,292923.12,268512.86
34,43618.92,15503.43,7,171.07,10.0,9,4.265,186041.16,108524.01
41,73395.11,24182.09,12,93.35,6.0,7,3.954,290185.08,290185.08
35,71520.14,18387.29,4,181.16,8.1,49,3.085,220647.48,73549.16
35,50426.23,16138.3,8,231.86,4.1,30,3.84,193659.6,129106.4
44,67876.04,21670.91,8,141.36,6.6,25,3.831,260050.92,173367.28
29,48786.78,26974.34,4,93.55,7.6,7,6.635,323692.08,107897.36
35,35831.86,11394.32,11,146.67,7.7,75,3.816,136731.84,125337.52
30,19725.71,4016.88,7,38.78,7.3,6,2.444,48202.56,28118.16
30,13937.21,3601.72,8,166.85,8.0,47,3.101,43220.64,28813.76
31,18317.28,2498.39,11,172.61,4.7,90,1.637,29980.68,27482.29
37,55342.53,16174.06,3,233.78,7.4,38,3.507,194088.72,48522.18
30,60174.5,12055.22,10,140.3,7.2,90,2.404,144662.64,120552.2
47,68561.28,15016.29,11,170.42,7.5,31,2.628,180195.48,165179.19
26,67900.77,17044.21,3,106.94,7.1,7,3.012,204530.52,51132.63
33,40338.78,11133.68,10,132.18,4.5,6,3.312,133604.16,111336.8
30,52935.86,12726.47,9,73.74,4.4,11,2.885,152717.64,114538.23
49,95656.65,10434.69,8,140.26,2.6,1,1.309,125216.28,83477.52
36,67936.79,18247.45,9,134.73,8.6,34,3.223,218969.4,164227.05
45,55218.47,13217.4,7,164.96,8.7,9,2.872,158608.8,92521.8
20,39150.33,12515.46,6,118.82,8.7,50,3.836,150185.52,75092.76
37,6963.69,2233.4,10,154.17,7.6,13,3.849,26800.8,22334.0
43,68560.66,16153.91,12,133.33,2.7,19,2.827,193846.92,193846.92
35,45777.4,15337.08,8,133.43,4.9,90,4.02,184044.96,122696.64
45,101702.34,24155.46,9,154.02,7.3,8,2.85,289865.52,217399.14
29,47374.86,12691.3,11,152.03,7.3,38,3.215,152295.6,139604.3
49,83659.79,23125.82,9,188.06,6.6,42,3.317,277509.84,208132.38
57,45502.88,13405.92,6,143.97,7.7,7,3.535,160871.04,80435.52
31,36999.95,5992.04,8,132.51,7.0,20,1.943,71904.48,47936.32
30,53373.09,15397.17,6,140.96,7.2,12,3.462,184766.04,92383.02
49,82878.83,24350.68,9,114.27,5.7,44,3.526,292208.16,219156.12
50,111982.2,33540.35,7,132.0,9.0,29,3.594,402484.2,234782.45
29,78218.65,23224.39,7,251.56,6.1,19,3.563,278692.68,162570.73
30,48028.24,19569.06,6,104.37,4.3,45,4.889,234828.72,117414.36
32,50376.99,13507.2,9,136.07,5.5,8,3.217,162086.4,121564.8
21,26678.74,10020.13,13,130.63,6.3,42,4.507,120241.56,130261.69
25,31904.33,13068.0,5,137.64,9.0,60,4.915,156816.0,65340.0
24,59019.13,28306.24,2,133.44,6.9,63,5.755,339674.88,56612.48
27,55742.48,14483.95,5,163.96,6.6,45,3.118,173807.4,72419.75
34,37751.25,9921.51,6,64.49,4.5,15,3.154,119058.12,59529.06
37,57230.07,15254.27,9,201.86,8.6,90,3.199,183051.24,137288.43
50,83695.22,22788.99,11,181.63,5.7,14,3.267,273467.88,250678.89
25,34779.66,13589.69,9,87.86,6.8,30,4.689,163076.28,122307.21
44,69377.21,11097.68,5,36.55,10.0,5,1.92,133172.16,55488.4
32,45837.66,12867.12,10,101.15,8.0,90,3.369,154405.44,128671.2
34,47429.25,15323.74,5,137.87,3.7,36,3.877,183884.88,76618.7
41,75768.84,17649.6,14,279.01,3.5,41,2.795,211795.2,247094.4
23,59192.81,21876.96,5,177.16,6.9,2,4.435,262523.52,109384.8
38,51856.9,8815.46,8,59.62,4.6,43,2.04,105785.52,70523.68
36,53197.13,17916.71,6,115.52,8.3,44,4.042,215000.52,107500.26
39,29446.5,6016.89,13,147.34,7.1,33,2.452,72202.68,78219.57
37,75314.16,18704.68,8,162.68,7.3,10,2.98,224456.16,149637.44
59,32676.5,6835.6,6,84.26,5.6,20,2.51,82027.2,41013.6
28,69389.14,16523.78,7,143.25,10.0,3,2.858,198285.36,115666.46
29,58543.89,13690.36,5,114.12,10.0,19,2.806,164284.32,68451.8
28,37075.45,8827.57,11,94.81,6.4,8,2.857,105930.84,97103.27
29,85506.22,33024.22,11,162.98,7.7,12,4.635,396290.64,363266.42
28,26127.26,5599.51,9,188.69,7.2,5,2.572,67194.12,50395.59
46,62968.52,22996.38,5,192.05,6.5,7,4.382,275956.56,114981.9
49,98839.06,26559.13,11,178.72,5.3,2,3.225,318709.56,292150.43
29,36587.6,9022.97,6,125.13,4.8,75,2.959,108275.64,54137.82
26,77849.31,17067.95,10,185.73,4.7,22,2.631,204815.4,170679.5
39,44999.07,12758.06,4,165.45,7.8,15,3.402,153096.72,51032.24
29,55773.87,22949.95,7,156.7,6.0,22,4.938,275399.4,160649.65
41,88618.43,23784.39,11,119.42,1.8,29,3.221,285412.68,261628.29
37,47313.83,11454.79,10,125.16,7.9,76,2.905,137457.48,114547.9
19,27566.38,11455.75,7,153.69,6.9,5,4.987,137469.0,80190.25
50,96866.21,25957.66,10,271.99,9.7,10,3.216,311491.92,259576.6
52,98194.76,26588.09,8,165.06,7.7,90,3.249,319057.08,212704.72
28,76086.8,25749.07,3,119.44,4.0,13,4.061,308988.84,77247.21
31,16750.16,4145.23,7,108.38,2.5,1,2.97,49742.76,29016.61
37,70650.92,15430.35,6,125.41,5.6,4,2.621,185164.2,92582.1
38,72534.1,16155.58,8,258.86,5.7,1,2.673,193866.96,129244.64
41,73786.84,9654.59,9,130.04,8.9,90,1.57,115855.08,86891.31
55,65828.71,15668.8,10,195.34,7.0,9,2.856,188025.6,156688.0
33,27885.91,5893.47,12,131.2,9.3,77,2.536,70721.64,70721.64
27,45701.58,15884.25,10,163.06,4.4,90,4.171,190611.0,158842.5
21,29465.31,12477.96,7,189.59,8.9,27,5.082,149735.52,87345.72
27,65593.21,15104.81,7,121.4,8.4,1,2.763,181257.72,105733.67
34,76206.17,22255.48,13,117.94,3.0,2,3.505,267065.76,289321.24
52,79224.3,19655.97,8,232.94,9.6,19,2.977,235871.64,157247.76
29,38756.64,8472.42,13,199.23,7.2,15,2.623,101669.04,110141.46
37,45815.56,10806.7,5,189.53,7.8,27,2.83,129680.4,54033.5
34,16331.24,4610.21,7,189.36,5.3,17,3.388,55322.52,32271.47
46,66908.58,21014.3,9,172.98,9.6,81,3.769,252171.6,189128.7
60,69297.03,5429.68,3,250.89,4.6,22,0.94,65156.16,16289.04
29,82311.66,7325.43,11,152.2,8.7,35,1.068,87905.16,80579.73
30,25313.02,5135.85,5,178.86,8.6,68,2.435,61630.2,25679.25
45,82474.35,20815.18,6,77.45,5.1,4,3.029,249782.16,124891.08
41,96981.45,16261.31,8,108.75,10.0,7,2.012,195135.72,130090.48
53,77477.91,21035.6,4,89.96,7.5,3,3.258,252427.2,84142.4
40,82249.93,17256.76,5,213.7,8.3,4,2.518,207081.12,86283.8
31,58481.22,25582.47,15,83.62,3.9,21,5.249,306989.64,383737.05
40,78592.32,14866.58,4,129.88,10.0,11,2.27,178398.96,59466.32
46,92040.91,19171.39,5,0.31,4.6,16,2.5,230056.68,95856.95
43,69983.26,19394.13,14,108.44,9.0,90,3.326,232729.56,271517.82
40,47053.31,14724.77,5,125.45,5.0,5,3.755,176697.24,73623.85
45,87063.03,23868.03,12,219.24,5.8,23,3.29,286416.36,286416.36
46,94817.52,26700.72,13,169.83,8.6,3,3.379,320408.64,347109.36
48,86695.61,23724.45,5,108.34,9.1,11,3.284,284693.4,118622.25
41,70396.54,17955.79,6,203.3,4.5,22,3.061,215469.48,107734.74
33,44824.08,4802.11,8,150.89,9.2,87,1.286,57625.32,38416.88
36,81972.94,39085.0,8,151.88,9.1,14,5.722,469020.0,312680.0
47,62974.82,17938.16,6,89.87,5.1,2,3.418,215257.92,107628.96
26,44090.39,14683.78,3,100.5,10.0,14,3.996,176205.36,44051.34
38,63939.09,18612.67,10,108.75,4.1,4,3.493,223352.04,186126.7
31,43323.61,11094.11,6,152.32,5.8,7,3.073,133129.32,66564.66
35,73462.49,18687.15,7,153.89,8.0,28,3.053,224245.8,130810.05
47,87417.46,11282.21,4,227.2,5.3,2,1.549,135386.52,45128.84
36,47853.96,7903.3,7,169.25,7.5,18,1.982,94839.6,55323.1
35,58954.34,21950.28,10,14.62,7.5,28,4.468,263403.36,219502.8
21,36587.69,15442.27,4,163.13,6.6,16,5.065,185307.24,61769.08
42,82122.18,20986.69,10,77.5,8.7,1,3.067,251840.28,209866.9
41,78113.11,15447.16,7,101.7,6.5,90,2.373,185365.92,108130.12
56,52858.86,22134.42,11,109.39,7.5,13,5.025,265613.04,243478.62
31,84650.3,20155.83,9,116.83,9.3,45,2.857,241869.96,181402.47
37,94626.0,31888.97,7,81.24,8.6,11,4.044,382667.64,223222.79
37,62761.02,14745.49,9,160.17,8.6,19,2.819,176945.88,132709.41
50,107336.95,33075.36,6,79.46,4.7,14,3.698,396904.32,198452.16
34,13978.85,4402.41,8,167.83,8.0,12,3.779,52828.92,35219.28
37,39146.52,18934.7,6,261.85,5.2,1,5.804,227216.4,113608.2
41,65798.0,15965.37,8,83.53,4.4,13,2.912,191584.44,127722.96
36,37583.05,14062.08,10,135.77,6.9,66,4.49,168744.96,140620.8
30,46637.12,14923.29,9,23.83,5.2,35,3.84,179079.48,134309.61
36,40558.19,17393.57,7,134.95,8.6,4,5.146,208722.84,121754.99
45,106625.56,26821.38,13,182.14,8.6,26,3.019,321856.56,348677.94
24,39362.5,15394.7,9,186.03,3.2,66,4.693,184736.4,138552.3
36,28545.14,7834.56,10,153.87,5.3,36,3.294,94014.72,78345.6
27,54784.94,15278.04,7,194.46,4.1,4,3.346,183336.48,106946.28
46,80476.76,14063.02,9,277.3,6.1,60,2.097,168756.24,126567.18
19,49230.87,14879.82,7,235.62,7.9,10,3.627,178557.84,104158.74
29,605.75,654.84,9,123.87,6.5,18,12.972,7858.08,5893.56
38,44279.92,14465.96,10,77.44,5.8,22,3.92,173591.52,144659.6
50,52466.44,15784.09,6,129.69,9.6,57,3.61,189409.08,94704.54
34,89166.95,35623.17,6,102.65,2.4,80,4.794,427478.04,213739.02
29,25409.01,10166.9,1,172.57,9.5,79,4.802,122002.8,10166.9
53,77311.96,21752.99,10,90.94,5.9,1,3.376,261035.88,217529.9
20,44507.7,15761.03,5,146.36,6.8,76,4.249,189132.36,78805.15
18,35836.85,16879.64,13,191.9,5.9,1,5.652,202555.68,219435.32
39,102886.87,39909.47,13,144.97,10.0,9,4.655,478913.64,518823.11
29,19940.59,9112.93,11,102.68,4.5,21,5.484,109355.16,100242.23
24,38666.84,15828.41,9,208.74,7.0,19,4.912,189940.92,142455.69
42,94392.44,26226.69,7,56.05,8.1,27,3.334,314720.28,183586.83
37,71715.73,9582.32,6,133.61,3.8,19,1.603,114987.84,57493.92
29,51959.66,13162.35,9,147.92,5.2,81,3.04,157948.2,118461.15
22,36809.37,14130.16,8,150.8,6.7,8,4.606,169561.92,113041.28
43,74524.17,15601.55,6,159.02,5.2,9,2.512,187218.6,93609.3
41,57878.32,12230.73,10,180.52,5.4,76,2.536,146768.76,122307.3
34,43136.15,10923.94,9,148.23,6.3,2,3.039,131087.28,98315.46
53,77532.28,20249.88,7,131.6,8.3,28,3.134,242998.56,141749.16
24,30853.46,14066.35,10,129.62,6.3,34,5.471,168796.2,140663.5
19,31120.37,10689.67,8,119.42,9.2,21,4.122,128276.04,85517.36
28,49414.74,257.89,6,189.38,5.0,35,0.063,3094.68,1547.34
34,72521.01,20260.92,7,117.67,4.5,5,3.353,243131.04,141826.44
37,48972.13,6067.35,10,192.34,10.0,57,1.487,72808.2,60673.5
32,14539.35,6372.89,5,150.95,5.7,4,5.26,76474.68,31864.45
38,75238.43,28003.48,9,123.94,4.4,15,4.466,336041.76,252031.32
22,50278.84,19545.02,5,180.92,3.5,2,4.665,234540.24,97725.1
49,67142.41,14454.09,8,113.63,9.2,23,2.583,173449.08,115632.72
34,38086.77,7521.59,4,181.91,6.3,33,2.37,90259.08,30086.36
46,87377.22,23744.29,7,160.64,6.5,85,3.261,284931.48,166210.03
38,7286.52,2818.73,5,120.18,6.7,40,4.642,33824.76,14093.65
39,112754.97,31039.46,16,176.43,9.0,23,3.303,372473.52,496631.36
40,91601.0,13003.16,2,177.33,6.6,80,1.703,156037.92,26006.32
39,54464.78,10407.24,8,207.88,10.0,19,2.293,124886.88,83257.92
41,64155.94,14475.04,9,198.31,7.3,24,2.707,173700.48,130275.36
48,69412.94,23589.13,11,174.56,9.1,27,4.078,283069.56,259480.43
36,60422.45,14955.18,8,93.62,8.6,15,2.97,179462.16,119641.44
42,91349.64,24844.75,6,272.43,6.9,54,3.264,298137.0,149068.5
34,61112.09,25504.03,11,79.82,5.8,6,5.008,306048.36,280544.33
49,67117.34,17339.07,7,197.46,7.7,24,3.1,208068.84,121373.49
28,46053.23,15594.92,10,171.56,8.0,38,4.064,187139.04,155949.2
53,63767.63,22271.57,10,91.29,5.9,70,4.191,267258.84,222715.7
34,46101.83,6444.87,8,143.78,7.3,64,1.678,77338.44,51558.96
20,21718.35,8836.93,7,146.06,9.5,21,4.883,106043.16,61858.51
36,61871.13,6531.4,3,215.28,10.0,30,1.267,78376.8,19594.2
28,8807.77,2030.75,13,114.33,8.7,15,2.767,24369.0,26399.75
43,62319.63,8301.12,7,136.9,10.0,18,1.598,99613.44,58107.84
28,53894.72,26922.14,7,33.2,5.7,71,5.994,323065.68,188454.98
30,49625.82,19588.29,12,236.74,8.4,80,4.737,235059.48,235059.48
18,56173.59,21229.75,5,96.48,9.7,67,4.535,254757.0,106148.75
30,72482.25,31157.43,7,166.35,5.2,4,5.158,373889.16,218102.01
18,36570.06,14812.27,7,144.93,6.0,56,4.86,177747.24,103685.89
19,32274.91,12607.08,6,145.1,10.0,88,4.687,151284.96,75642.48
42,85280.58,17843.63,9,190.49,5.0,13,2.511,214123.56,160592.67
42,84637.37,19461.63,6,233.56,4.3,21,2.759,233539.56,116769.78
39,22407.64,10393.64,7,162.57,10.0,45,5.566,124723.68,72755.48
25,47397.59,15642.76,11,182.75,9.4,24,3.96,187713.12,172070.36
34,67247.87,21554.22,10,166.44,7.9,90,3.846,258650.64,215542.2
34,69062.5,9411.12,4,200.88,6.9,18,1.635,112933.44,37644.48
23,54852.17,22438.59,11,126.85,6.1,37,4.909,269263.08,246824.49
50,69739.31,20427.87,9,203.77,7.6,47,3.515,245134.44,183850.83
43,80076.28,23525.04,11,205.52,10.0,20,3.525,282300.48,258775.44
32,37170.37,7911.82,4,204.13,7.5,58,2.554,94941.84,31647.28
35,58638.45,31345.93,7,116.99,10.0,23,6.415,376151.16,219421.51
37,66008.19,28967.31,7,141.58,5.2,15,5.266,347607.72,202771.17
18,51176.32,17071.52,12,161.97,7.0,3,4.003,204858.24,204858.24
32,73778.27,21677.21,7,81.46,6.3,14,3.526,260126.52,151740.47
28,64166.08,18263.71,14,229.75,4.8,39,3.416,219164.52,255691.94
24,45018.52,18380.2,7,149.39,6.7,76,4.899,220562.4,128661.4
32,71403.0,21988.36,3,164.2,7.8,8,3.695,263860.32,65965.08
52,102906.99,21270.84,9,121.15,8.0,13,2.48,255250.08,191437.56
41,65389.1,19610.04,13,100.04,10.0,5,3.599,235320.48,254930.52
29,46738.66,16405.18,6,119.8,7.9,35,4.212,196862.16,98431.08
40,50723.86,11658.08,5,160.96,9.3,90,2.758,139896.96,58290.4
